time,total_pkt,avg_pkt_size,avg_size_ip,total_src_ip,entropy_src_ip,total_dst_ip,entropy_dst_ip,total_src_prt,entropy_src_prt,total_dst_prt,entropy_dst_prt,entropy_tcp_flag,avg_window_size,color
10,3689,60.41962591,22288.8,10,1.816281618,10,0.163371755,74,4.304065093,1,0,0,64512,no_attack
20,3285,60.48340944,19868.8,10,1.824404054,10,0.182165864,72,4.276666119,1,0,0,64512,no_attack
30,3453,60.45293947,20874.4,10,1.801277156,10,0.174590902,75,4.317488114,1,0,0,64512,no_attack
40,3201,60.5267104,17613.27273,11,1.792586059,11,0.191891617,76,4.314454508,2,0.16302363,0,64512,no_attack
50,3187,60.52086602,19288,10,1.770515822,10,0.192304661,74,4.304065093,1,0,0,64512,no_attack
60,3544,76.98645598,10493.84615,26,2.116587592,26,0.478160025,105,3.385187815,29,2.218802017,1.399909811,39498.21892,no_attack
70,8511,366.6718364,44582.05714,70,2.78708894,72,1.833333456,254,3.314872422,176,3.220873583,0.970144038,43589.38172,no_attack
80,13049,456.1080543,80429.10811,74,2.693310571,77,1.878753606,417,3.427235122,323,3.51510736,0.943734122,44550.94862,no_attack
90,11621,404.0410464,134153.1714,35,2.405753611,39,1.549374023,493,3.526107695,400,3.527013266,1.152778236,35585.45178,no_attack
100,8093,247.3480786,111210.4444,18,2.07074417,22,1.108215079,419,3.663851065,392,3.485689541,1.396243309,32707.24357,no_attack
110,7690,263.0094928,91933.77273,22,2.106571259,23,1.043270291,432,3.531919139,321,3.427778961,1.421213218,38439.54502,no_attack
120,5094,214.7936788,64362.29412,17,2.224715789,21,0.897508372,178,3.064942812,131,3.038664846,1.357491499,35163.61079,no_attack
130,6261,261.3908321,52792.51613,31,2.405035553,36,1.246264815,206,3.228663772,116,2.967863945,1.074047314,59109.44773,no_attack
140,11762,377.4921782,130590.0882,34,2.233423287,40,1.504152354,535,3.874281355,439,3.666130451,1.188700336,32396.84345,no_attack
150,10266,279.4868498,92555.22581,31,2.021861582,34,1.216659081,650,3.889223542,560,3.628471276,1.471456901,30163.28471,no_attack
160,7764,215.9513138,88244.52632,19,1.917881595,20,0.960740125,525,3.857202126,445,3.577715238,1.576334982,34328.87772,no_attack
170,6297,277.1448309,87259.05,20,2.142467763,24,1.0948516,304,3.455900748,222,3.291781598,1.266100825,58360.78969,no_attack
180,6047,205.9204564,77825.0625,16,2.178007268,18,1.034198008,305,3.560222563,230,3.300184318,1.416355658,21635.8,no_attack
190,4002,128.4607696,22352.17391,23,2.035851862,25,0.682905399,176,3.330073937,96,2.872260986,1.543155242,36873.82765,no_attack
200,4019,90.31749191,16499.36364,22,2.086736613,22,0.483045572,120,3.437290618,49,2.689461964,1.558431948,37367.36311,no_attack
210,3867,81.72200672,14364.5,22,2.016040161,22,0.43599383,97,3.487155581,25,2.210535202,1.490373378,26256.90938,no_attack
220,3409,60.45291874,17173.66667,12,1.805270238,12,0.185835043,79,4.353759811,5,0.356085631,0.315396287,62376.85185,no_attack
230,3394,61.80553919,17480.66667,12,1.861144364,12,0.190757607,58,4.015336453,6,0.603381789,0.491116049,56367.3871,no_attack
240,3400,60.47529412,20561.6,10,1.857557873,11,0.185242081,72,4.276666119,2,0.126930545,0.126930545,63043.11111,no_attack
250,3584,76.24497768,14382.21053,19,1.995519731,19,0.362723791,88,3.451416553,19,1.950741655,1.486452436,29314.13333,no_attack
260,3460,64.17369942,18503.41667,12,1.882601962,13,0.205825375,77,4.089937811,5,0.85713144,0.821024294,55581.59375,no_attack
270,3472,84.42252304,13323.40909,22,2.088086497,23,0.461833311,97,3.37884787,24,2.119805394,1.528764142,27809.4497,no_attack
280,3749,61.96745799,19359.66667,12,1.812558183,12,0.175952615,74,4.209169335,6,0.518049326,0.42516116,58480.7284,no_attack
290,3523,61.05024127,19552.72727,11,1.865306166,11,0.18733679,75,4.267584694,4,0.296072488,0.278524459,61160.4557,no_attack
300,3755,60.94806924,20805.45455,11,1.830046572,11,0.168608323,75,4.312492625,3,0.139933118,0.139933118,63118.44737,no_attack
310,3756,82.82401491,16373,19,2.040211165,19,0.392282297,94,3.264148185,23,1.970973469,1.434236281,29787.57009,no_attack
320,3290,60.443769,16571.66667,12,1.903720346,13,0.192975475,78,4.351899823,4,0.334653971,0.345578607,61275.39241,no_attack
330,4134,74.4453314,15387.85,20,2.020272322,20,0.331335507,87,3.412826201,20,2.027655468,1.480897481,28286.60153,no_attack
340,3532,60.52774632,17815.33333,12,1.906536848,13,0.194561362,64,4.153059664,3,0.265785076,0.265785076,60936.46154,no_attack
350,3654,60.54734537,22124,10,1.874048284,11,0.164008325,32,3.465735903,2,0.139060799,0.139060799,62586.875,no_attack
360,3454,60.46438911,18985.81818,11,1.850842027,11,0.178888168,75,4.317488114,2,0.070810555,0.070810555,63805.97333,no_attack
370,3531,70.84650241,12507.95,20,1.962118124,20,0.329689174,87,3.479415846,16,1.757781668,1.427328595,32701.10427,no_attack
380,3655,62.83064295,13508.58824,17,1.94269272,16,0.228504055,80,3.851500881,16,1.375020317,1.17114125,45297.8,no_attack
390,3849,75.4060795,14511.9,20,1.997815956,20,0.337180708,87,3.506215951,16,2.027416561,1.411773018,29555.2,no_attack
400,3606,60.427066,19809.09091,11,1.846522826,11,0.172981329,73,4.285331386,3,0.195462855,0.195462855,62223.16216,no_attack
410,3707,60.47801457,20381.09091,11,1.918671903,11,0.178045965,72,4.276666119,1,0,0,64512,no_attack
420,3814,60.41950708,23044,10,1.831309,10,0.160414454,72,4.276666119,1,0,0,64512,no_attack
430,3786,70.86687797,15782.47059,17,1.955632602,17,0.304900581,88,3.563937454,14,1.838266367,1.405587793,32389.96226,no_attack
440,3919,66.42230161,16269.3125,16,1.893446809,16,0.248997115,85,3.717867321,18,1.846332499,1.424465578,38576.01829,no_attack
450,3938,78.11604876,14648.61905,21,2.047838404,21,0.383099281,97,3.422487172,24,2.03665718,1.513877498,29780.24116,no_attack
460,3452,60.54634994,19000.54545,11,1.865478112,11,0.168669065,41,3.713572067,2,0.114665282,0,64512,no_attack
470,3814,60.35343471,23018.8,10,1.827127306,10,0.169636723,106,4.663439094,1,0,0,64512,no_attack
480,3137,60.566146,17272.36364,11,1.896621776,11,0.201469756,64,4.158883083,1,0,0,64512,no_attack
490,3470,66.36253602,15351.86667,15,1.929434275,15,0.243433704,41,3.042742096,8,1.569010953,1.375658353,31182.16484,no_attack
500,3559,66.85894914,13219.5,18,1.967828214,18,0.286704456,76,3.655648857,13,1.811759925,1.418084742,35658.3642,no_attack
510,3495,74.24921316,12357.19048,21,2.004050525,21,0.377130401,92,3.631790881,20,2.083528466,1.462126111,29329.91532,no_attack
520,3195,60.4657277,19318.8,10,1.86519822,10,0.184674291,75,4.317488114,1,0,0,64512,no_attack
530,3145,60.67408585,17347.27273,11,1.905671698,11,0.195114514,15,2.659322698,4,0.925701911,0.848685558,45493.33333,no_attack
540,3668,60.45038168,22173.2,10,1.882826205,10,0.172138934,75,4.317488114,1,0,0,64512,no_attack
550,3876,64.78353973,15693.8125,16,1.922971217,16,0.231541137,79,3.88315597,8,1.297391117,1.141718881,41771.44355,no_attack
560,3930,65.3259542,15101.82353,17,1.939734044,17,0.24713187,85,3.765416592,14,1.793807698,1.407730129,35712.02424,no_attack
570,3831,72.76925085,13938.95,20,2.046414492,20,0.336133256,88,3.543390669,16,1.929899662,1.506555717,30563.76824,no_attack
580,3380,60.46390533,20436.8,10,1.888602931,10,0.168959653,62,4.127134385,1,0,0,64512,no_attack
590,3563,60.4198709,19570.54545,11,1.854914398,11,0.181129684,84,4.426341911,3,0.175153931,0.175153931,62502.51765,no_attack
600,3534,60.42331636,21353.6,10,1.833638011,10,0.167739703,74,4.304065093,1,0,0,64512,no_attack
610,3506,68.68938962,15051.5625,16,1.931924879,16,0.27270148,84,3.679892468,11,1.659845458,1.350416506,34657.93491,no_attack
620,3981,70.29942226,15547.88889,18,1.988164326,18,0.275128664,83,3.605146511,12,1.79522947,1.320523414,35364.67213,no_attack
630,4102,100.6855193,11472.55556,36,2.167307739,37,0.589815534,113,3.169778781,41,2.287345823,1.349535835,31790.42382,no_attack
640,9506,349.2416369,56269.33898,59,2.66733199,61,1.689141563,357,3.519151828,275,3.236919144,1.14324633,31040.26596,no_attack
650,8724,330.6796194,84848.5,34,2.453073788,40,1.31831659,325,3.277535545,244,3.22667833,1.209920671,42389.37206,no_attack
660,7357,202.932989,82943.22222,18,2.264498742,23,1.025918863,379,3.626854638,288,3.374523803,1.376158236,29254.06455,no_attack
670,8110,275.7811344,86022.5,26,2.284907605,31,1.114225786,382,3.524356881,303,3.386834027,1.306198423,29062.99892,no_attack
680,5697,186.5518694,46208.08696,23,2.190921551,26,0.73942763,200,3.308648352,134,3.037176041,1.246173477,17233.09349,no_attack
690,4515,144.1530454,28297.86957,23,2.165434637,26,0.542948813,105,2.8873148,29,2.290396889,1.06192404,42287.06948,no_attack
700,5767,339.4206693,88974.5,22,2.251278343,28,0.762377459,138,2.314388056,48,2.548976105,0.83726,26583.44964,no_attack
710,4518,115.7275343,40219.76923,13,2.072025175,19,0.48205797,127,3.114631473,45,2.431655999,1.254779617,21961.78336,no_attack
720,3193,60.49357971,19315.6,10,1.869616841,15,0.214371983,82,4.406719247,2,0.394193403,0,56641.36585,no_attack
730,3551,63.53111799,18799.91667,12,1.846868205,14,0.20763497,79,4.067006352,4,0.831932106,0.722687143,48396.03922,no_attack
740,4037,81.35917761,18247.05556,18,2.001305533,22,0.38292328,99,3.35120419,20,1.941694073,1.411920294,27984.51242,no_attack
750,3347,68.54138034,12744.88889,18,1.982798661,21,0.321358858,88,3.769496406,13,1.811777533,1.451499471,35119.02174,no_attack
760,3754,60.7301545,18998.41667,12,1.879437747,13,0.185506001,72,4.180846896,3,0.495137945,0.494926167,56530.4,no_attack
770,3683,60.44094488,20236.72727,11,1.814495075,12,0.179285239,75,4.312492625,3,0.275530068,0.191393425,61220.81579,no_attack
780,3796,60.42149631,22936,10,1.824713638,10,0.161064158,71,4.262679877,1,0,0,64512,no_attack
790,3789,60.39377144,19069.33333,12,1.852746101,12,0.18133796,76,4.266431711,7,0.672998105,0.578325287,55516.38824,no_attack
800,3406,60.61421022,20645.2,10,1.861459399,10,0.171410028,23,3.135494216,1,0,0,64512,no_attack
810,3378,60.76494967,18660.36364,11,1.874513826,12,0.248051878,73,4.285331386,3,0.240679907,0.266484535,61544.83784,no_attack
820,3321,104.5522433,31565.27273,11,1.994271521,11,0.321277345,78,2.537222256,5,1.476581172,1.094772523,57943.16271,no_attack
830,3457,117.3627423,33810.25,12,2.0669908,12,0.333812605,69,2.25876057,5,1.541156197,1.125579487,65204.2439,no_attack
840,3358,60.66646814,16976.5,12,1.892845655,12,0.186928681,31,3.396633717,3,0.437494957,0.146144746,64541.73333,no_attack
850,3598,60.44580322,19771.27273,11,1.8709882,11,0.17276363,74,4.304065093,2,0.071584834,0.071584834,64524.05405,no_attack
860,3863,60.43593062,21224,11,1.841513078,11,0.165665845,74,4.304065093,2,0.071584834,0.071584834,64524.05405,no_attack
870,3769,60.42133192,22772.8,10,1.821078998,10,0.16204934,73,4.290459441,1,0,0,64512,no_attack
880,3781,60.41576303,20766.54545,11,1.817724672,11,0.16240708,74,4.304065093,2,0.071584834,0.071584834,64524.05405,no_attack
890,3788,60.3907075,22876,10,1.836003725,10,0.155807793,75,4.317488114,1,0,0,64512,no_attack
900,3299,60.52015762,18150.54545,11,1.966872752,11,0.193131994,72,4.276666119,1,0,0,64512,no_attack
910,3739,60.43113132,22595.2,10,1.814895905,10,0.163159223,71,4.262679877,1,0,0,64512,no_attack
920,3605,60.44493759,21790.4,10,1.853930153,10,0.169935022,72,4.276666119,1,0,0,64512,no_attack
930,3464,60.45034642,19036.36364,11,1.84407355,11,0.175085709,73,4.290459441,2,0.07237779,0.07237779,64524.21918,no_attack
940,3638,90.84579439,15022.59091,22,2.104140206,22,0.506334434,91,3.239466129,30,2.133710647,1.433718397,25877.38118,no_attack
950,3826,67.50444328,18448,14,1.928571102,14,0.225215113,82,3.680929027,9,1.274769053,1.197587977,43866.84672,no_attack
960,3802,60.41241452,22968.8,10,1.812628638,11,0.163271934,74,4.304065093,2,0.071584834,0.071584834,63875.67568,no_attack
970,3705,60.3757085,13980.75,16,1.880463534,16,0.197753701,81,4.3333801,7,0.646060121,0.556646904,55693.93333,no_attack
980,3660,60.41639344,22112.4,10,1.834035502,10,0.164541034,73,4.290459441,1,0,0,64512,no_attack
990,3531,60.41574625,17777.33333,12,1.847811261,12,0.180870795,77,4.330040596,4,0.331451705,0.314123026,61194.975,no_attack
1000,3608,60.43348115,21804.4,10,1.831617636,10,0.16817502,75,4.317488114,1,0,0,64512,no_attack
1010,3694,60.43205198,22323.6,10,1.813578255,10,0.163182905,70,4.248495242,1,0,0,64512,no_attack
1020,3752,60.42963753,22673.2,10,1.823461246,10,0.162676283,71,4.262679877,1,0,0,64512,no_attack
1030,3332,60.46698679,18316,11,1.822349438,11,0.179197988,72,4.276666119,2,0.073190129,0.073190129,64524.38889,no_attack
1040,3455,60.52908828,19011.63636,11,1.89033369,11,0.192193655,73,4.290459441,1,0,0,64512,no_attack
1050,3568,60.45964126,21572,10,1.822826087,10,0.171436658,71,4.262679877,1,0,0,64512,no_attack
1060,3381,60.41052943,20424.8,10,1.810996964,10,0.162649317,71,4.262679877,1,0,0,64512,no_attack
1070,3299,60.46438315,19947.2,10,1.828846371,10,0.177973745,72,4.276666119,1,0,0,64512,no_attack
1080,2868,60.72384937,17415.6,10,1.8653235,10,0.202257744,28,3.33220451,1,0,0,64512,no_attack
1090,3462,60.49566724,20943.6,10,1.814723452,10,0.182466387,71,4.262679877,1,0,0,64512,no_attack
1100,3691,60.43131943,22305.2,10,1.815111129,10,0.166608376,74,4.304065093,1,0,0,64512,no_attack
1110,3525,60.48340426,19382.18182,11,1.864349692,11,0.182414273,75,4.317488114,1,0,0,64512,no_attack
1120,3795,60.41844532,22928.8,10,1.812948296,10,0.161100417,73,4.290459441,1,0,0,64512,no_attack
1130,3696,60.45021645,22342.4,10,1.835716362,10,0.166358757,69,4.234106505,1,0,0,64512,no_attack
1140,3770,60.42758621,22781.2,10,1.868590136,10,0.162012622,71,4.262679877,1,0,0,64512,no_attack
1150,3792,60.42616034,22913.6,10,1.856997808,10,0.16281203,73,4.290459441,1,0,0,64512,no_attack
1160,3853,60.40487931,23274,10,1.864580097,10,0.157473042,73,4.290459441,1,0,0,64512,no_attack
1170,3711,60.43654002,22428,10,1.855431826,10,0.167359333,73,4.290459441,1,0,0,64512,no_attack
1180,3815,60.43931848,20961.45455,11,1.876260213,11,0.168934851,75,4.317488114,1,0,0,64512,no_attack
1190,3907,60.40644996,23600.8,10,1.804318129,10,0.157144945,73,4.290459441,1,0,0,64512,no_attack
1200,3839,60.42302683,23196.4,10,1.810761172,10,0.159521329,70,4.248495242,1,0,0,64512,no_attack
1210,3867,60.39513835,23354.8,10,1.812828659,10,0.153799055,71,4.262679877,1,0,0,64512,no_attack
1220,3888,60.4063786,23486,10,1.862297779,10,0.154718881,69,4.234106505,1,0,0,64512,no_attack
1230,3891,60.41942945,23509.2,10,1.840399624,10,0.160725936,73,4.290459441,1,0,0,64512,no_attack
1240,3794,60.4217185,22924,10,1.859398095,10,0.160997518,71,4.262679877,1,0,0,64512,no_attack
1250,3525,60.49702128,19386.54545,11,1.931171941,11,0.187506115,74,4.304065093,1,0,0,64512,no_attack
1260,3861,60.41129241,23324.8,10,1.872871613,10,0.158744127,73,4.290459441,1,0,0,64512,no_attack
1270,3796,60.41412013,22933.2,10,1.869889269,10,0.159429747,72,4.276666119,1,0,0,64512,no_attack
1280,3314,60.47193724,20040.4,10,1.85948893,10,0.18083856,73,4.290459441,1,0,0,64512,no_attack
1290,3657,60.43861088,22102.4,10,1.867207005,10,0.167929381,73,4.290459441,1,0,0,64512,no_attack
1300,3852,60.41640706,23272.4,10,1.863392407,10,0.160500675,74,4.304065093,1,0,0,64512,no_attack
1310,3942,60.38356164,23803.2,10,1.841092816,10,0.154427419,75,4.317488114,1,0,0,64512,no_attack
1320,3840,60.45520833,21104.36364,11,1.935079873,11,0.172762493,75,4.317488114,1,0,0,64512,no_attack
1330,3931,60.40498601,23745.2,10,1.847319737,10,0.15787961,75,4.317488114,1,0,0,64512,no_attack
1340,3670,60.40326975,22168,10,1.840807473,10,0.160829866,75,4.317488114,1,0,0,64512,no_attack
1350,3465,60.64992785,21015.2,10,1.833516048,10,0.170616606,13,2.564949358,1,0,0,64512,no_attack
1360,3586,60.43390965,21671.6,10,1.84110304,10,0.175434335,80,4.382026635,1,0,0,64512,no_attack
1370,3457,60.46167197,20901.6,10,1.891321557,10,0.177786494,74,4.304065093,1,0,0,64512,no_attack
1380,3393,60.41968759,20500.4,10,1.886388234,10,0.168449621,70,4.248495242,1,0,0,64512,no_attack
1390,3970,60.45894207,20001.83333,12,1.858728899,12,0.167840559,76,4.314454508,2,0.16302363,0,64512,no_attack
1400,3969,60.39405392,23970.4,10,1.860796696,10,0.155017978,74,4.304065093,1,0,0,64512,no_attack
1410,3813,60.65565172,23128,10,1.869155773,10,0.209746753,73,4.290459441,1,0,0,64512,no_attack
1420,3433,60.6443344,20819.2,10,1.850011488,10,0.175457197,19,2.944438979,1,0,0,64512,no_attack
1430,3755,60.43888149,22694.8,10,1.830172714,10,0.167219366,73,4.290459441,1,0,0,64512,no_attack
1440,3362,60.49613325,20338.8,10,1.839056102,10,0.176799968,63,4.143134726,1,0,0,64512,no_attack
1450,3682,60.41390549,22244.4,10,1.842793829,10,0.163701208,74,4.304065093,1,0,0,64512,no_attack
1460,3904,60.4477459,21453.45455,11,1.871205525,11,0.170251282,75,4.317488114,1,0,0,64512,no_attack
1470,3745,60.41121495,22624,10,1.821101818,10,0.162846004,76,4.33073334,1,0,0,64512,no_attack
1480,3881,60.37309972,23430.8,10,1.845118024,10,0.149997885,73,4.290459441,1,0,0,64512,no_attack
1490,3783,60.40602696,22851.6,10,1.833270899,10,0.159960363,75,4.317488114,1,0,0,64512,no_attack
1500,3837,60.42950222,23186.8,10,1.832071202,10,0.164219444,75,4.317488114,1,0,0,64512,no_attack
1510,3805,60.41839685,22989.2,10,1.861989587,10,0.16228119,74,4.304065093,1,0,0,64512,attack
1520,3889,60.4206737,21361.45455,11,1.872865762,11,0.163149685,75,4.317488114,2,0.070810555,0.070810555,63679.14667,attack
1530,4137,82.4534687,14212.91667,24,2.075110514,27,0.421784582,102,3.19986292,26,2.065686982,1.344990216,62570.25729,attack
1540,9872,343.3095624,41841.38272,81,2.710608289,87,1.770252567,351,3.604666272,264,3.325832483,1.115597034,36463.36516,attack
1550,10106,318.3210964,57445.58929,56,2.443471095,63,1.504616453,465,3.689484369,371,3.386994582,1.17506249,35685.06339,attack
1560,12962,396.0962043,77790.89394,66,2.61395569,76,1.83977815,566,3.720465499,471,3.541305329,1.109425148,35516.20942,attack
1570,13977,394.5873936,70707.02564,78,2.704903525,86,1.904644742,607,3.755397055,503,3.671624694,1.135748939,33606.45131,attack
1580,16755,318.8602208,46864.0614,114,3.139193766,120,1.562093531,780,3.734047912,405,3.433357775,1.196993484,30420.17438,attack
1590,132563,81.84584688,23586.37174,460,5.428170623,466,0.493675012,9556,7.642914893,367,3.237708609,0.997456069,51922.69146,attack
1600,299208,62.44463049,25011.9585,747,6.110956827,753,0.302917203,20168,9.465683057,308,3.275965098,0.439212913,60949.19963,attack
1610,467783,61.42500903,26629.81928,1079,6.519852285,1086,0.277366852,25740,9.81170814,207,3.400607459,0.293415826,62746.70682,attack
1620,637387,60.22444449,28204.46583,1361,6.794795761,1368,0.252806572,32376,10.1413122,140,3.571452545,0.141266049,63460.33571,attack
1630,814154,59.52108692,28141.3072,1722,7.033371885,1727,0.24659385,38169,10.36643433,68,3.670197589,0.011604059,64420.22743,attack
1640,992842,59.79863362,29046.27935,2044,7.223519804,2049,0.246915128,41946,10.41996902,88,3.849645169,0.048310203,64131.65379,attack
1650,1183429,59.55312233,29637.04458,2378,7.376109105,2381,0.24337211,43839,10.44602507,74,3.987225609,0.001575399,64489.04445,attack
1660,1363540,59.53128181,29986.43665,2707,7.516013948,2710,0.2415944,47381,10.52146139,84,4.147963296,0.002404846,64502.32789,attack
1670,1549364,59.51041072,30530.89007,3020,7.639707899,3020,0.240616013,50681,10.5964643,99,4.252258228,0.006868548,64486.49199,attack
1680,1683063,59.5115067,29845.53486,3356,7.737728883,3355,0.239815024,53123,10.65618026,102,4.343347225,0.001940259,64493.4259,attack
1690,1430998,59.53333967,23206.78017,3671,7.832796932,3666,0.238061246,49437,10.59717863,117,4.460170975,0.018453725,64347.77802,attack
1700,1124280,59.53476892,16775.37594,3990,7.922729588,3980,0.231978273,44159,10.50829529,122,4.538315369,0.027419962,64231.19806,attack
1710,823531,59.54778144,11447.11578,4284,8.009269603,4192,0.230184139,37098,10.36090184,128,4.630232701,0.012111007,64358.74413,attack
1720,541793,59.559352,7134.38868,4523,8.078859133,4045,0.224270493,28087,10.12465563,136,4.68708838,0.02226881,64256.83867,attack
1730,1638942,59.666278,20030.63683,4882,8.094684435,4875,0.34259314,54266,10.6889246,155,4.727374447,0.015410242,64326.83832,attack
1740,1710378,59.73523514,19735.33552,5177,8.145825702,5175,0.361983145,55042,10.71090825,157,4.783743575,0.02318582,64322.3696,attack
1750,1722728,59.81264077,18744.9356,5497,8.199263418,5495,0.387965517,54783,10.7021091,170,4.862872507,0.021220186,64294.45396,attack
1760,1723217,59.87819294,17891.99237,5767,8.24706459,5766,0.405467081,53513,10.6702297,181,4.904975026,0.01479685,64343.89172,attack
1770,1731089,59.94369671,16994.41107,6106,8.294749279,6100,0.426398282,53112,10.67324355,189,4.947887959,0.020192079,64279.52099,attack
1780,1708763,59.98326743,16000.18545,6406,8.339258586,6403,0.448340788,53399,10.67511052,198,5.006346368,0.016257066,64307.76463,attack
1790,1708353,60.03806824,15256.01874,6723,8.375931621,6720,0.472201218,53373,10.67163994,211,5.051733422,0.018151726,64308.40741,attack
1800,1697767,60.07853787,14374.20505,7096,8.41284271,7093,0.494691573,54094,10.69279894,217,5.084773151,0.017628004,64320.73996,attack
1810,1713222,60.08936378,14491.33164,7104,8.418405142,7101,0.492050161,54035,10.69249576,219,5.073236217,0.020309302,64256.81392,attack
1820,1714158,60.11043848,14524.77995,7094,8.418469509,7092,0.492440362,53589,10.69534273,216,5.075451137,0.023906642,64194.49795,attack
1830,1701162,60.12434089,14466.93692,7070,8.417726379,7063,0.49404423,52939,10.67683727,216,5.084157292,0.013450432,64371.83597,attack
1840,1705747,60.09910497,14520.3779,7060,8.417113088,7058,0.491753526,53491,10.68362155,217,5.083190773,0.028107767,64217.55346,attack
1850,1712871,60.11159159,14623.40605,7041,8.418231967,7041,0.490301515,53192,10.67910174,216,5.077549637,0.014540625,64327.13128,attack
1860,1703649,60.09535767,14600.88363,7012,8.414190687,7010,0.489467567,53773,10.69744682,214,5.091665588,0.020035594,64290.25557,attack
1870,1702761,60.08354197,14557.18725,7028,8.412542423,7025,0.490864257,54537,10.72301207,217,5.09966089,0.01815873,64347.50579,attack
1880,1704213,60.09299248,14600.9779,7014,8.415960185,7013,0.490023991,53691,10.69579257,220,5.091124741,0.017503315,64339.78196,attack
1890,1688518,60.07809452,14475.30594,7008,8.413690772,7004,0.487949685,53223,10.67168267,212,5.086360547,0.031888048,64236.18012,attack
1900,1710302,60.08116695,14664.89796,7007,8.415548298,7005,0.486706351,53224,10.67390218,215,5.089911021,0.030984613,64313.58679,attack
1910,1700346,60.07945677,14620.84786,6987,8.41108659,6987,0.487008337,53533,10.68659989,215,5.103136733,0.028917977,64231.94659,attack
1920,1700559,60.08406883,14640.56512,6979,8.410007191,6977,0.48605163,53374,10.68157172,218,5.094247738,0.018511468,64340.45083,attack
1930,1703723,60.09349877,14718.61357,6956,8.40494032,6953,0.484392029,53634,10.68659524,214,5.07045319,0.027635784,64232.59621,attack
1940,1710743,60.08953069,14795.29994,6948,8.401717383,6947,0.484781723,53825,10.69599098,214,5.069518934,0.02653861,64266.41439,attack
1950,1694906,60.08771932,14672.67483,6941,8.403311288,6934,0.479866985,53327,10.68302277,217,5.076675556,0.026151587,64259.82934,attack
1960,1097591,60.07828781,9650.429972,6833,8.403662777,6817,0.470262525,43167,10.49365415,216,5.071886306,0.018742032,64307.83174,attack
1970,1693871,60.10820777,14706.85397,6923,8.399863435,6921,0.485685156,52808,10.6689551,217,5.066873342,0.024170056,64274.47529,attack
1980,1689911,60.10134084,14747.48323,6887,8.399351405,6887,0.482901394,52542,10.66637667,216,5.06702206,0.023039472,64295.24606,attack
1990,1691778,60.09477307,14779.33057,6879,8.396001187,6873,0.48209701,53008,10.67042607,217,5.067820414,0.017331661,64358.49363,attack
2000,1680665,60.10805128,14685.49179,6879,8.397090263,6875,0.483404145,53330,10.69142641,215,5.078498433,0.015679134,64366.20508,attack
2010,1667266,60.63137136,14746.69934,6855,8.288641827,6853,0.70661167,52308,10.66241799,213,5.079628796,0.015015917,64376.5388,attack
2020,1683615,60.09500153,14740.21649,6864,8.390049005,6857,0.487038066,52967,10.6655113,214,5.086070856,0.012564127,64391.52192,attack
2030,1683135,60.10070375,14778.31965,6845,8.388932603,6843,0.489168978,53031,10.66919222,215,5.091583661,0.028991815,64266.04416,attack
2040,1668998,60.11575688,14685.75498,6832,8.38633654,6829,0.488724474,52373,10.66142027,214,5.090485137,0.02730105,64265.82924,attack
2050,1703946,60.08845233,15010.62571,6821,8.388635923,6819,0.478828951,53061,10.67551361,213,5.095590344,0.027079262,64264.89845,attack
2060,1688856,60.08950023,14899.79636,6811,8.389327053,6810,0.475817878,52485,10.65943578,212,5.089755388,0.02764094,64274.00686,attack
2070,1699560,60.09184142,14983.81602,6816,8.389589368,6814,0.475961679,52993,10.68166286,213,5.078974199,0.023420275,64355.25901,attack
2080,1701351,60.05742143,14986.6169,6818,8.394223575,6816,0.466222387,53138,10.68328827,216,5.087272537,0.024555318,64374.53418,attack
2090,1707677,60.04194763,15098.25549,6791,8.396380633,6789,0.457700664,53209,10.6811663,210,5.091221329,0.033186257,64350.42614,attack
2100,1696059,60.06547709,15030.18486,6778,8.393314932,6773,0.46453274,52647,10.6710243,211,5.090115949,0.036419735,64161.60412,attack
2110,1712898,60.0620971,15153.9617,6789,8.393763602,6789,0.464788781,52912,10.6739079,213,5.094839407,0.027849803,64323.93253,attack
2120,1706873,60.0871588,15140.41172,6774,8.38938982,6773,0.469241604,52919,10.67911564,214,5.095108855,0.031250722,64235.6889,attack
2130,1702624,60.07988141,15141.12611,6756,8.388820446,6752,0.466852003,53247,10.69396836,213,5.086534279,0.018071084,64361.90331,attack
2140,1709927,60.09386307,15182.6417,6768,8.386859094,6767,0.469781919,52427,10.66408344,214,5.073550327,0.028950466,64225.90019,attack
2150,1696956,60.11703132,15075.50717,6767,8.38638771,6764,0.472660004,52497,10.67796998,213,5.068006773,0.025275924,64277.43495,attack
2160,1399629,60.01614285,12533.6219,6702,8.396235619,6672,0.434808581,48605,10.6076517,210,5.064538497,0.019213059,64351.81768,attack
2170,1673808,60.11787075,14940.72353,6735,8.382629537,6732,0.475554028,52051,10.66308699,215,5.073270157,0.037217739,64170.38135,attack
2180,1701799,60.08933899,15190.13324,6732,8.382790325,6731,0.469801693,52660,10.67914074,213,5.089409559,0.026747291,64258.43472,attack
2190,1701402,60.09425345,15192.34517,6730,8.38199067,6730,0.474337955,53179,10.69179891,214,5.082980049,0.024234644,64302.15676,attack
2200,1666597,60.05653136,14918.77105,6709,8.384101241,6704,0.463384711,52998,10.68760328,211,5.085060075,0.033175318,64209.77621,attack
2210,1151214,60.05900032,10493.36197,6589,8.385036675,6574,0.453978739,44360,10.53373444,212,5.077431323,0.023418012,64302.40181,attack
2220,1600227,60.0785976,14394.27968,6679,8.378695066,6676,0.464449061,51416,10.65538081,212,5.070748403,0.023688573,64306.00924,attack
2230,1700321,60.10300937,15275.69641,6690,8.372979937,6688,0.469832658,52035,10.66690373,214,5.07101792,0.024224618,64325.58784,attack
2240,1707370,60.10553659,15355.73694,6683,8.374326099,6680,0.470192178,52094,10.65665083,213,5.073719501,0.028662195,64258.69646,attack
2250,1717173,60.09267208,15435.97816,6685,8.373670145,6684,0.467994194,52221,10.65961887,212,5.079573685,0.019315718,64390.13303,attack
2260,1690116,60.07302517,15210.54397,6675,8.373929744,6672,0.47085873,52694,10.66585852,213,5.082108362,0.042461561,64168.17489,attack
2270,1667756,60.07841855,15035.43562,6664,8.372073008,6662,0.471312389,52169,10.65277693,210,5.079146614,0.031814765,64318.91552,attack
2280,1701010,60.10231039,15329.82921,6669,8.372416097,6666,0.471145873,52604,10.67451928,217,5.072235524,0.029653877,64314.36272,attack
2290,1701064,60.08452298,15358.01938,6655,8.375804728,6652,0.460385467,52177,10.65881618,211,5.077005899,0.024274546,64292.30439,attack
2300,1701371,60.10607504,15366.30098,6655,8.37105007,6654,0.470181771,51806,10.64160418,217,5.076116032,0.022338448,64349.71919,attack
2310,1707049,60.08950182,15434.20463,6646,8.375040637,6643,0.465864076,52314,10.65933277,215,5.075521367,0.042428659,64151.05621,attack
2320,1695361,60.08783321,15298.17826,6659,8.369800199,6656,0.470921171,52499,10.65546646,219,5.076502981,0.028302914,64259.46724,attack
2330,1708280,60.08539408,15425.7104,6654,8.371705751,6652,0.468864063,53103,10.67536586,216,5.07103054,0.03522796,64170.97485,attack
2340,1721706,60.08500813,15579.62636,6640,8.372259706,6638,0.464222986,52694,10.66955626,214,5.083175713,0.023422548,64295.47676,attack
2350,1722859,60.08022711,15635.91541,6620,8.371492903,6618,0.462475683,52495,10.6626007,215,5.092287816,0.024848965,64279.83513,attack
2360,1718960,60.08431959,15589.81766,6625,8.367483153,6624,0.461088344,52156,10.65485535,214,5.088259672,0.024786495,64281.83474,attack
2370,1028558,60.00234698,9472.892402,6515,8.381129776,6506,0.425790815,41094,10.45697799,211,5.081616779,0.013469459,64405.80987,attack
2380,1724810,60.06852465,15743.32047,6581,8.365970382,6580,0.457150633,52463,10.66472268,211,5.078496873,0.028710917,64245.34732,attack
2390,1700452,60.07595216,15520.55196,6582,8.363391753,6581,0.462185864,52797,10.6753997,214,5.078689742,0.01672198,64384.5932,attack
2400,1709041,60.05306368,15595.37274,6581,8.363269111,6579,0.45767601,52947,10.67578176,221,5.082393088,0.033721201,64225.81989,attack
2410,1706950,60.02605114,15576.38614,6578,8.371793143,6577,0.439940371,52898,10.67686013,211,5.07436884,0.038509958,64160.48446,attack
2420,1711313,60.03639661,15635.52975,6571,8.367996176,6570,0.442841564,52339,10.65945616,213,5.072041511,0.037921635,64194.03185,attack
2430,1517051,60.02253517,13957.27269,6524,8.370199577,6525,0.435811762,49893,10.62287436,214,5.065496184,0.040826306,64193.82466,attack
2440,1560546,60.01965466,14326.00673,6538,8.367581892,6558,0.43932368,51013,10.6495865,212,5.083709723,0.036365723,64239.20359,attack
2450,1157216,59.94552702,10675.58064,6498,8.391340571,6425,0.382567382,44659,10.53300117,239,5.088444968,0.060429141,64050.50495,attack
2460,1712834,60.27534601,15690.22219,6580,8.360400579,6596,0.455199697,52989,10.67710726,291,5.103751469,0.076143988,64051.44089,attack
2470,1694724,60.60769246,15605.18247,6582,8.356425334,6600,0.464065745,52671,10.63312753,355,5.121005067,0.130230683,63516.36045,attack
2480,1682670,60.71273215,15511.61449,6586,8.352581954,6600,0.468658706,52245,10.61918433,356,5.125413809,0.132916382,63518.15947,attack
2490,1681086,60.6135861,15497.58951,6575,8.350163227,6585,0.468451023,52140,10.62302044,335,5.118186818,0.116180717,63798.48051,attack
2500,1674416,60.45443367,15411.97792,6568,8.348282472,6579,0.467001822,51910,10.61766399,314,5.107854346,0.095586509,63942.96289,attack
2510,1686270,60.47261233,15628.06927,6525,8.346959994,6541,0.461980049,52321,10.63765461,319,5.102460825,0.100348229,63953.48191,attack
2520,1684300,60.45131271,15640.2682,6510,8.345866963,6520,0.465575388,52628,10.64950376,309,5.090757574,0.098312568,63941.8011,attack
2530,1196391,60.42388985,11249.70401,6426,8.343527445,6425,0.457135379,44844,10.51068398,287,5.097021989,0.087990789,63875.94695,attack
2540,1655178,60.46871273,15443.06172,6481,8.339921079,6490,0.470696058,51282,10.62051463,300,5.093160923,0.092958757,63859.59785,attack
2550,1652415,60.32424603,15404.21712,6471,8.337710336,6474,0.469250322,51260,10.62938172,286,5.088215284,0.07993769,63946.88501,attack
2560,1663144,60.25797405,15527.99628,6454,8.339278807,6459,0.466076744,51410,10.63675491,281,5.084551815,0.060624338,64098.6163,attack
2570,1667392,60.191628,15586.74313,6439,8.338791334,6446,0.464427917,51517,10.64394723,253,5.071506698,0.050994416,64149.22959,attack
2580,1637569,60.0617348,15293.92552,6431,8.355030267,6403,0.422004302,51300,10.64284958,246,5.074222223,0.047430612,64085.8056,attack
2590,1637278,60.10043316,15363.17205,6405,8.333741463,6404,0.465161623,52070,10.6649,225,5.073451961,0.032131423,64183.13828,attack
2600,1673605,60.08612247,15705.20615,6403,8.335452566,6404,0.459166604,51823,10.65035546,224,5.076826475,0.020777558,64315.6395,attack
2610,995121,60.75064942,9597.435625,6299,8.198451095,6280,0.733470979,39911,10.42941033,219,5.068361001,0.03884538,64148.91699,attack
2620,1671821,60.10901705,15765.84829,6374,8.33236783,6371,0.457761973,51784,10.65586264,236,5.084650584,0.043352686,64158.55425,attack
2630,1431981,60.06069913,13569.86115,6338,8.334620721,6328,0.437775303,48554,10.58917227,224,5.089521527,0.055161932,64102.73881,attack
2640,1314113,60.23927547,12511.65086,6327,8.321768375,6315,0.463612701,46558,10.56703791,227,5.081103373,0.061100733,64197.83914,attack
2650,1156552,60.09798868,11082.02312,6272,8.334169512,6254,0.43557443,43451,10.50288578,226,5.079751879,0.040741389,64301.082,attack
2660,1691680,60.11668874,16071.14412,6328,8.328478848,6326,0.45052581,51514,10.64495562,221,5.078836303,0.05055638,64110.60722,attack
2670,1588770,60.08800141,15158.14767,6298,8.33048334,6294,0.442432382,51115,10.64561251,229,5.071613769,0.031839863,64352.18734,attack
2680,1364558,60.05496725,13055.35861,6277,8.323510282,6269,0.446550468,47402,10.57707752,216,5.068923059,0.043410538,64112.86436,attack
2690,1226804,59.98519731,11816.00514,6228,8.336813465,6213,0.413933443,44791,10.52561529,211,5.062372303,0.02871411,64379.09041,attack
2700,1260319,60.02331315,12169.96815,6216,8.326737793,6205,0.432334529,45547,10.5399898,209,5.058927739,0.036892281,64308.1071,attack
2710,1093142,59.94263508,10580.62522,6193,8.33491469,6187,0.396690816,42659,10.49115628,209,5.060239944,0.034996044,64244.54764,attack
2720,1648361,60.03915768,15826.996,6253,8.321504154,6251,0.433023065,51633,10.65712018,212,5.0677422,0.024815264,64301.85639,attack
2730,1098573,59.91843783,10658.15706,6176,8.334473316,6165,0.389124426,43056,10.49559102,209,5.070543783,0.03022249,64223.17849,attack
2740,1692434,59.97007387,16288.78061,6231,8.324079357,6228,0.414864474,52732,10.67122502,214,5.069323986,0.033116199,64201.44434,attack
2750,1466066,59.94866739,14187.03842,6195,8.328541078,6188,0.403359387,49372,10.61902561,211,5.068044645,0.033955321,64179.64114,attack
2760,1301832,59.99357444,12639.83735,6179,8.3207823,6164,0.410154374,46132,10.56210774,211,5.052131317,0.029388522,64236.60334,attack
2770,1733871,59.99826169,16754.58947,6209,8.31881271,6207,0.415402049,52610,10.67949302,217,5.059555832,0.024273189,64296.32987,attack
2780,1308095,59.95985536,12866.33645,6096,8.320492955,6086,0.400892131,47074,10.5783477,211,5.053664208,0.038739426,64133.42816,attack
2790,1453599,60.00983146,14160.75179,6160,8.314690949,6149,0.421061823,49254,10.61805809,212,5.046922954,0.026040765,64303.6495,attack
2800,1154703,60.00131895,11374.76654,6091,8.30653904,6071,0.422679408,44460,10.53845851,208,5.053891045,0.040856839,64160.98608,attack
2810,1204674,60.00218648,11894.5325,6077,8.308227185,6070,0.418368189,44839,10.53369728,208,5.043538417,0.030911623,64303.23076,attack
2820,1525655,60.01873228,15011.1277,6100,8.309366774,6099,0.424226236,49595,10.61667162,208,5.048036951,0.042144512,64234.84508,attack
2830,1694774,60.01531178,16600.68386,6127,8.31135841,6122,0.421664744,52059,10.66676438,211,5.050220503,0.044427159,64139.63907,attack
2840,1376685,60.02883811,13630.34818,6063,8.308363962,6056,0.424086865,47617,10.5918687,207,5.04209715,0.027683718,64257.93925,attack
2850,1115591,60.07057246,11095.06457,6040,8.296947223,6025,0.44295362,43251,10.51192316,210,5.043094562,0.039901321,64101.5476,attack
2860,1726010,60.03074606,16949.72485,6113,8.303957211,6109,0.426057724,52517,10.6733922,214,5.036416181,0.035583911,64185.78422,attack
2870,1463253,60.0027309,14497.88243,6056,8.307348036,6050,0.416612848,49006,10.6141934,210,5.042887068,0.041329731,64190.41075,attack
2880,1645749,60.03805623,16237.8917,6085,8.296416626,6081,0.435339099,51226,10.63903379,206,5.05135481,0.034867127,64302.69647,attack
2890,1068913,60.02293171,10745.15023,5971,8.294820821,5953,0.429396826,42073,10.47552138,209,5.047304287,0.054663499,64036.10356,attack
2900,1685356,60.04462737,16699.10446,6060,8.296773164,6058,0.42804197,51398,10.64348045,208,5.040492053,0.025553353,64284.57644,attack
2910,1517928,60.04809517,15038.55552,6061,8.29758854,6060,0.430854799,49263,10.60676455,210,5.033999829,0.04109602,64106.48793,attack
2920,1254931,60.0234738,12562.59473,5996,8.296279503,5986,0.422472963,45771,10.55848212,210,5.032521866,0.036258411,64152.37177,attack
2930,1575892,60.02618707,15708.20126,6022,8.294327147,6018,0.417724763,50244,10.63480142,210,5.028006954,0.018962586,64361.41416,attack
2940,1726319,60.03665371,17196.35241,6027,8.294348286,6022,0.421410241,51890,10.66190768,206,5.026661594,0.036962337,64197.36331,attack
2950,1606135,60.01769341,16042.0233,6009,8.297752792,6005,0.413899754,50523,10.63612569,209,5.030741415,0.028145133,64268.89028,attack
2960,1725278,60.03398815,17268.30927,5998,8.294446439,5998,0.416864985,51859,10.6640311,203,5.019595532,0.024138939,64292.42159,attack
2970,1323672,60.00693072,13291.41466,5976,8.295510488,5971,0.407938866,46275,10.56762233,207,5.019890437,0.05571176,63893.65351,attack
2980,1709555,59.94180181,17073.27674,6002,8.307871513,5981,0.381910302,52142,10.66863768,211,5.032575563,0.038325261,64129.64517,attack
2990,1720892,60.0238295,17175.67808,6014,8.292313191,6013,0.421625686,52058,10.65853357,207,5.034183567,0.046969323,64114.28726,attack
3000,1704098,60.02652664,17039.994,6003,8.288869197,6000,0.421105302,52048,10.66459359,216,5.041719376,0.037550913,64262.60488,attack
3010,1747544,60.01620159,17547.42396,5977,8.291237499,5973,0.415617394,52303,10.66711182,210,5.032764486,0.04035454,64266.73763,attack
3020,1745870,60.02756792,17531.00201,5978,8.290063875,5974,0.413911612,51945,10.66557173,212,5.038599225,0.022120378,64347.54144,attack
3030,1732886,60.02777794,17432.76286,5967,8.289874909,5968,0.415730824,51844,10.66688978,212,5.025785652,0.029928062,64239.61044,attack
3040,1752509,60.01653515,17626.86744,5967,8.287882534,5965,0.409536722,51944,10.66062735,206,5.016754013,0.034262492,64220.95719,attack
3050,1730778,60.0360832,17463.71966,5950,8.289618156,5949,0.411848119,51515,10.6509233,211,5.025861098,0.028843022,64255.13411,attack
3060,1748172,60.03114453,17587.52572,5967,8.285802616,5966,0.408965255,51813,10.66105021,209,5.024840776,0.042263494,64087.99047,attack
3070,1748656,60.03465862,17599.32372,5965,8.287853173,5960,0.410635598,51436,10.65529505,211,5.032358485,0.018492954,64366.37835,attack
3080,1724208,59.99112288,17407.80444,5942,8.29280871,5937,0.396122652,51557,10.6627511,210,5.043398814,0.027253669,64278.47551,attack
3090,1443273,59.94758303,14624.86951,5916,8.293504597,5909,0.381887516,48019,10.59432404,210,5.030577122,0.027664539,64286.48479,attack
3100,1704045,59.97172023,17230.56989,5931,8.288960716,5930,0.391601277,51499,10.65624351,209,5.030885069,0.018379838,64354.69966,attack
3110,1737464,59.99369368,17628.42601,5913,8.286673028,5911,0.398213036,52076,10.66261088,211,5.013865035,0.028887937,64259.82013,attack
3120,1712732,60.00900141,17387.80866,5911,8.286163124,5910,0.399097609,51246,10.64902215,212,5.017833249,0.020313871,64350.56649,attack
3130,1250186,60.02181675,12831.46973,5848,8.279488373,5841,0.404772973,44376,10.52732158,208,5.013759277,0.028719149,64245.03763,attack
3140,1612882,60.05257173,16458.40476,5885,8.276690541,5882,0.414257208,49945,10.63143846,210,5.021823842,0.018597199,64352.67747,attack
3150,1556781,60.01603822,15914.12502,5871,8.280317291,5866,0.403635918,49163,10.61114447,210,5.031598525,0.025665755,64270.98987,attack
3160,1026423,60.03262885,10629.44126,5797,8.273716354,5784,0.407961515,39890,10.43878893,210,5.020639454,0.029942145,64237.00736,attack
3170,1282802,60.02950494,13192.73068,5837,8.273452224,5822,0.411353333,45364,10.54801261,207,5.015237799,0.025911454,64275.23116,attack
3180,1514491,60.04594877,15553.11254,5847,8.272974076,5843,0.415971616,48746,10.60400514,206,5.013328105,0.028086883,64265.25747,attack
3190,883010,60.02451501,9272.611442,5716,8.269532336,5688,0.403949638,36141,10.34378293,205,5.00940351,0.030418903,64325.70385,attack
3200,1359351,60.05112219,13980.22829,5839,8.267621652,5827,0.412549816,45338,10.53874185,207,5.000298101,0.042054182,64296.57258,attack
3210,1263783,60.59605328,13189.84878,5806,8.163800279,5799,0.642668133,43853,10.51189438,209,5.01065843,0.029258019,64349.83239,attack
3220,1216255,60.06441166,12595.45534,5800,8.264835183,5788,0.420850405,43397,10.50230604,208,5.019348323,0.024446607,64308.22112,attack
3230,1597675,60.03113086,16448.33425,5831,8.271566828,5829,0.409470783,49752,10.62742117,209,5.023898647,0.023601787,64305.97579,attack
3240,1297072,60.04742451,13463.41106,5785,8.265483017,5781,0.413191113,45092,10.53966109,205,5.005957077,0.019350998,64340.57694,attack
3250,1721968,60.04247001,17719.14516,5835,8.267206001,5834,0.411021232,51176,10.65179195,209,5.01718575,0.033298138,64193.33847,attack
3260,1407536,60.06700006,14607.19851,5788,8.26371836,5784,0.413925881,46899,10.57933865,204,5.020229027,0.026347732,64273.10407,attack
3270,1488700,60.02907302,15434.41813,5790,8.268045249,5785,0.401775716,48066,10.60094885,206,5.016625698,0.030622557,64231.29722,attack
3280,1344369,60.02241944,13943.71522,5787,8.266385358,5781,0.39876736,45400,10.54282113,210,5.000338858,0.027968795,64256.13576,attack
3290,1723759,60.03851408,17769.90539,5824,8.263051028,5819,0.409240827,50883,10.64264215,210,5.004045121,0.038823601,64252.97184,attack
3300,1710572,60.03221846,17647.26448,5819,8.265223639,5817,0.406819981,51026,10.64283035,207,5.008637819,0.031781645,64279.99074,attack
3310,1699996,60.0483907,17600.34897,5800,8.260067796,5798,0.412120252,51190,10.64564115,206,5.018815194,0.024202453,64302.57906,attack
3320,1720226,60.03945296,17825.58302,5794,8.259890251,5792,0.407929812,51138,10.65115692,212,5.020346999,0.026405052,64260.83716,attack
3330,1717123,60.05129685,17796.93873,5794,8.262600621,5794,0.407782993,51055,10.65246577,214,5.02072987,0.022840478,64320.67192,attack
3340,1714318,60.15352753,17742.99295,5812,8.259709378,5816,0.410673889,50717,10.6366697,240,5.016046338,0.056458802,64067.1172,attack
3350,1699832,60.23004156,17582.16589,5823,8.257945264,5835,0.414016061,50481,10.61756899,265,5.031284649,0.065043133,64034.33351,attack
3360,1404872,60.45976359,14616.80072,5811,8.25775547,5818,0.410765736,45932,10.52076213,290,5.034676866,0.100195161,63826.57223,attack
3370,1238120,60.77188156,12946.1256,5812,8.25220056,5813,0.413167304,43994,10.45968596,329,5.048468407,0.143268237,63444.85844,attack
3380,1537542,60.64732671,15967.0911,5840,8.250359783,5843,0.420099019,48636,10.56061126,377,5.055719782,0.156001905,63423.84558,attack
3390,1682728,60.25836202,17428.40031,5818,8.268285345,5796,0.378357899,51141,10.63661162,308,5.040597934,0.100483213,63863.31053,attack
3400,1675369,60.09474808,17379.74763,5793,8.254221886,5815,0.415614927,50169,10.63209945,259,5.015122043,0.037809261,64227.25008,attack
3410,1697190,60.06729241,17628.4987,5783,8.252924536,5801,0.41086452,50719,10.64192856,245,5.012065175,0.046709523,64110.10537,attack
3420,1523103,60.0422519,15909.9746,5748,8.253872918,5777,0.409312797,48411,10.59500441,221,4.998995058,0.031114793,64253.44595,attack
3430,1684779,60.05547018,17538.60201,5769,8.251737096,5789,0.408598893,50778,10.64141995,240,5.005861296,0.033808122,64235.79639,attack
3440,1659902,60.20684233,17323.18565,5769,8.251837066,5773,0.404501785,50005,10.61554759,298,5.014730241,0.066388076,64026.37864,attack
3450,1689920,60.14219371,17660.38158,5755,8.256408208,5769,0.394671259,50501,10.62071004,247,5.020801341,0.054633961,64200.76814,attack
3460,1691799,60.16748857,17715.15785,5746,8.253784468,5757,0.393785689,50575,10.62827469,241,5.016898974,0.059782039,64202.33682,attack
3470,1691855,60.13265558,17770.43389,5725,8.252279866,5732,0.397460717,50139,10.61396609,233,5.015617805,0.051268553,64250.51407,attack
3480,1707321,60.09996714,17863.8468,5744,8.252480292,5752,0.396395026,50406,10.62210629,234,4.994103395,0.066933844,64116.35458,attack
3490,1704956,60.15001912,17957.12415,5711,8.24878354,5711,0.399770017,50843,10.63653971,223,5.009229378,0.047258792,64209.01844,attack
3500,1697185,60.07541547,17881.28622,5702,8.244933155,5702,0.401465417,50520,10.63684493,218,4.995139683,0.03903755,64229.55128,attack
3510,1713110,60.02573448,18075.35349,5689,8.244485755,5690,0.396656783,51212,10.65685331,209,4.994240005,0.030216916,64260.13802,attack
3520,1722393,60.01650262,18186.48909,5684,8.244195492,5686,0.396592404,51124,10.65234839,211,4.992151353,0.025756338,64280.78519,attack
3530,1703510,60.01534538,18012.11082,5676,8.24341761,5675,0.389614644,50050,10.62944113,213,4.987117965,0.033772936,64212.64422,attack
3540,1727752,60.03103744,18269.99207,5677,8.24319459,5678,0.396609234,50149,10.62740128,208,4.986082913,0.027537057,64264.41522,attack
3550,1728537,60.02086736,18369.03152,5648,8.237992087,5648,0.394270964,50716,10.64287047,210,4.980477043,0.037588456,64158.42438,attack
3560,1568496,59.97000184,16719.28688,5626,8.244558167,5624,0.375274309,48834,10.60808958,209,4.985431188,0.036440222,64291.24317,attack
3570,1471345,60.02855754,15788.83053,5594,8.233789322,5588,0.395062271,47571,10.59411701,209,4.984222901,0.046384673,64255.75851,attack
3580,1625178,60.05408085,17475.12462,5585,8.228812805,5586,0.402702295,49166,10.61100742,208,4.996339703,0.038207877,64182.52727,attack
3590,1733867,60.02271455,18508.16361,5623,8.232245049,5621,0.392436581,50470,10.63104023,207,4.995942295,0.024964592,64305.95886,attack
3600,1735440,60.01973966,18610.08701,5597,8.228800516,5596,0.390414415,50514,10.62707222,206,4.988793411,0.030666396,64212.16349,attack
3610,1731933,60.03695928,18607.72924,5588,8.229787834,5584,0.39138307,50182,10.62821925,207,4.97552901,0.021922744,64332.59494,attack
3620,1737394,60.03444239,18732.66523,5568,8.228838921,5567,0.390054339,49858,10.61157429,205,4.972891592,0.034714604,64173.62824,attack
3630,1721714,60.03610937,18587.48606,5561,8.224646855,5556,0.390229919,49982,10.61984214,203,4.976231036,0.024508521,64290.61001,attack
3640,1735298,60.01643118,18748.22556,5555,8.228235649,5552,0.384914147,50916,10.65142458,204,4.982806541,0.034570386,64225.12465,attack
3650,1736016,60.01898715,18879.13064,5519,8.224160885,5517,0.386800226,50400,10.63433605,205,4.984901874,0.030427002,64267.55386,attack
3660,1722567,59.97740233,18709.72365,5522,8.226580553,5520,0.373657017,50170,10.62453807,205,4.971730547,0.045785696,64318.82501,attack
3670,1742211,60.00187348,18903.42206,5530,8.218914184,5529,0.384615068,50527,10.63111474,204,4.979612057,0.036997411,64195.5568,attack
3680,1731178,60.01305238,18865.67569,5507,8.212792215,5501,0.384402478,49745,10.61384165,203,4.979546444,0.023887024,64344.28933,attack
3690,1744606,60.00848386,19076.37773,5488,8.213963737,5487,0.383307884,50306,10.63160139,205,4.975680914,0.030718725,64234.91413,attack
3700,1735960,59.98927164,18982.67882,5486,8.214189148,5486,0.382302527,50834,10.63669684,207,4.981886197,0.024845252,64283.88139,attack
3710,1254620,59.97395227,13903.27421,5412,8.211757036,5405,0.378591834,44237,10.52755141,205,4.992234394,0.028839658,64250.81147,attack
3720,1717488,60.01776199,18885.99963,5458,8.206072938,5456,0.385584066,49859,10.62091725,207,4.984527514,0.024789366,64281.71422,attack
3730,1674618,60.02887285,18434.88557,5453,8.204481954,5451,0.389495747,49344,10.61806999,210,4.983054572,0.026194067,64297.71322,attack
3740,1723173,60.01495613,18919.89608,5466,8.205474302,5460,0.384852888,49689,10.62165029,206,4.969270894,0.039553552,64206.46456,attack
3750,1649830,60.03071347,18162.56593,5453,8.207130032,5453,0.384560786,48403,10.59629163,205,4.976245927,0.028758782,64314.8432,attack
3760,1178000,59.95701019,13086.78117,5397,8.202180181,5370,0.35855736,41561,10.46803464,204,4.959066972,0.047863006,64240.03779,attack
3770,1750303,59.99661316,19335.71202,5431,8.201093517,5431,0.374128107,50895,10.65432126,208,4.976464885,0.026592292,64296.55474,attack
3780,1738092,59.97507324,19204.53113,5428,8.21130177,5427,0.361696375,49703,10.61678711,207,4.976704998,0.027329764,64271.93428,attack
3790,1489172,59.95799276,16574.6731,5387,8.212846942,5376,0.352996942,46264,10.5574377,203,4.959914601,0.028380801,64252.73101,attack
3800,1082265,59.9458312,12172.09662,5330,8.212700517,5304,0.348526469,39654,10.43251209,202,4.963558666,0.011875237,64422.72446,attack
3810,1353824,60.46386458,15119.5846,5414,8.120940894,5413,0.560646491,43502,10.50491473,205,4.979559566,0.03567549,64214.78985,attack
3820,1664881,59.9789018,18427.33604,5419,8.209464291,5418,0.359441303,48344,10.59427679,203,4.97675863,0.020578736,64337.34987,attack
3830,1736127,59.98966665,19251.32717,5410,8.202140085,5408,0.372003129,50173,10.62745532,205,4.97938778,0.032021059,64214.49928,attack
3840,1737025,60.01732905,19263.04527,5412,8.197236775,5411,0.373095372,49663,10.62389299,208,4.976446489,0.024403987,64294.62252,attack
3850,1752650,60.01159159,19506.5497,5392,8.198484524,5390,0.372396328,49630,10.61939972,207,4.974177354,0.031855267,64230.55626,attack
3860,1746634,60.01380369,19472.81256,5383,8.195324629,5382,0.370207034,49430,10.6220819,207,4.965259437,0.03342369,64209.47908,attack
3870,1753100,60.01086475,19580.3177,5373,8.193252915,5372,0.37188392,49788,10.62613304,204,4.979165326,0.024824409,64330.60913,attack
3880,1742063,59.99443017,19458.96053,5371,8.193776524,5369,0.371862294,50024,10.62734907,203,4.987718223,0.034468916,64181.9885,attack
3890,1749850,60.00391691,19578.19392,5363,8.194477566,5360,0.37274268,49976,10.6180492,201,4.982531667,0.023453322,64308.19821,attack
3900,1734710,60.00790795,19402.85517,5365,8.191803568,5361,0.375924632,50349,10.636182,203,4.969291555,0.032354356,64202.0961,attack
3910,1731396,59.98934386,19370.6285,5362,8.1912098,5361,0.375941854,50091,10.62186886,200,4.973017628,0.021190712,64324.08024,attack
3920,1729418,59.97981575,19392.44214,5349,8.190354463,5347,0.376451899,50390,10.63341462,199,4.970132689,0.032578478,64262.92394,attack
3930,1699208,59.95008498,19065.63054,5343,8.193051977,5343,0.367093376,50748,10.65076463,200,4.974728719,0.038456133,64226.48817,attack
3940,1732699,59.97857447,19505.40841,5328,8.190156244,5328,0.375751431,50475,10.62734492,200,4.991247674,0.031289831,64314.96833,attack
3950,1725807,59.95660233,19406.13728,5332,8.190277539,5332,0.372742621,51127,10.64670967,202,4.987238423,0.048082338,64193.93557,attack
3960,813207,60.0351362,9372.430985,5209,8.169851027,5203,0.388082704,33024,10.26288066,202,4.946676729,0.016697218,64383.70726,attack
